# Map the Specs
/TR/*                                                               https://solid.github.io/specification/:splat                                                        200
/ED/*                                                               https://solid.github.io/specification/ED/:splat                                                     200

# Redirect index.html
/index                                                              /                                                                                                   301
/index.html                                                         /                                                                                                   301!

# Remove HTML extension and redirect index.html (courtesy for handling previously existing generated artifacts)
/404.html                                                           /404                                                                                                301!
/about.html                                                         /about                                                                                              301!
/about/index                                                        /about                                                                                              301
/about/index.html                                                   /about                                                                                              301
/apps.html                                                          /apps                                                                                               301!
/apps/index                                                         /apps                                                                                               301
/apps/index.html                                                    /apps                                                                                               301
/code_of_conduct.html                                               /code_of_conduct                                                                                    301!
/code-of-conduct                                                    /code_of_conduct                                                                                    301
/code-of-conduct.html                                               /code_of_conduct                                                                                    301
/code-of-conduct/index                                              /code_of_conduct                                                                                    301
/code-of-conduct/index.html                                         /code_of_conduct                                                                                    301
/community.html                                                     /community                                                                                          301!
/community/index                                                    /community                                                                                          301
/community/index.html                                               /community                                                                                          301
/contributing.html                                                  /contributing                                                                                       301!
/contributing/index                                                 /contributing                                                                                       301
/contributing/index.html                                            /contributing                                                                                       301
/events.html                                                        /events                                                                                             301!
/events/index                                                       /events                                                                                             301
/events/index.html                                                  /events                                                                                             301
/FAQ.html                                                           /FAQ                                                                                                301!
/FAQ/index                                                          /FAQ                                                                                                301
/FAQ/index.html                                                     /FAQ                                                                                                301
/faqs                                                               /FAQ                                                                                                301
/faqs.html                                                          /FAQ                                                                                                301
/faqs/index                                                         /FAQ                                                                                                301
/faqs/index.html                                                    /FAQ                                                                                                301
/for_developers.html                                                /for_developers                                                                                     301!
/for-developers                                                     /for_developers                                                                                     301
/for-developers.html                                                /for_developers                                                                                     301
/for-developers/index                                               /for_developers                                                                                     301
/for-developers/index.html                                          /for_developers                                                                                     301
/for_organisations.html                                             /for_organisations                                                                                  301!
/for-organizations                                                  /for_organisations                                                                                  301
/for-organizations.html                                             /for_organisations                                                                                  301
/for-organizations/index                                            /for_organisations                                                                                  301
/for-organizations/index.html                                       /for_organisations                                                                                  301
/for_users.html                                                     /for_users                                                                                          301!
/for-users                                                          /for_users                                                                                          301
/for-users.html                                                     /for_users                                                                                          301
/for-users/index                                                    /for_users                                                                                          301
/for-users/index.html                                               /for_users                                                                                          301
/get_a_pod.html                                                     /get_a_pod                                                                                          301!
/get-a-pod.html                                                     /get_a_pod                                                                                          301
/get-a-pod                                                          /get_a_pod                                                                                          301
/get-a-pod/index                                                    /get_a_pod                                                                                          301
/get-a-pod/index.html                                               /get_a_pod                                                                                          301
/license.html                                                       /license                                                                                            301!
/license/index                                                      /license                                                                                            301
/license/index.html                                                 /license                                                                                            301
/logo_usage_guidelines.html                                         /logo_usage_guidelines                                                                              301!
/logo-usage-guidelines.html                                         /logo_usage_guidelines                                                                              301
/logo-usage-guidelines                                              /logo_usage_guidelines                                                                              301
/logo-usage-guidelines/index                                        /logo_usage_guidelines                                                                              301
/logo-usage-guidelines/index.html                                   /logo_usage_guidelines                                                                              301
/newsletter.html                                                    /newsletter                                                                                         301!
/newsletter/index                                                   /newsletter                                                                                         301
/newsletter/index.html                                              /newsletter                                                                                         301
/press.html                                                         /press                                                                                              301!
/press/index                                                        /press                                                                                              301
/press/index.html                                                   /press                                                                                              301
/specification.html                                                 /specification                                                                                      301!
/specification/index                                                /specification                                                                                      301
/specification/index.html                                           /specification                                                                                      301
/take3.html                                                         /take3                                                                                              301!
/take3/index                                                        /take3                                                                                              301
/take3/index.html                                                   /take3                                                                                              301
/team.html                                                          /team                                                                                               301!
/team/index                                                         /team                                                                                               301
/team/index.html                                                    /team                                                                                               301
/terms.html                                                         /terms                                                                                              301!
/terms/index                                                        /terms                                                                                              301
/terms/index.html                                                   /terms                                                                                              301
/website_strategy.html                                              /website_strategy                                                                                   301!
/website-strategy                                                   /website_strategy                                                                                   301
/website-strategy.html                                              /website_strategy                                                                                   301
/website-strategy/index                                             /website_strategy                                                                                   301
/website-strategy/index.html                                        /website_strategy                                                                                   301

# Newsletter redirections
/newsletter/2019-07-18.html                                         /newsletter/2019-07-18                                                                              301!
/newsletter/2019-07-25.html                                         /newsletter/2019-07-25                                                                              301!
/newsletter/2019-08-01.html                                         /newsletter/2019-08-01                                                                              301!
/newsletter/2019-08-08.html                                         /newsletter/2019-08-08                                                                              301!
/newsletter/2019-08-15.html                                         /newsletter/2019-08-15                                                                              301!
/newsletter/2019-08-22.html                                         /newsletter/2019-08-22                                                                              301!
/newsletter/2019-08-29.html                                         /newsletter/2019-08-29                                                                              301!
/newsletter/2019-09-05.html                                         /newsletter/2019-09-05                                                                              301!
/newsletter/2019-09-12.html                                         /newsletter/2019-09-12                                                                              301!
/newsletter/2019-09-19.html                                         /newsletter/2019-09-19                                                                              301!
/newsletter/2019-09-26.html                                         /newsletter/2019-09-26                                                                              301!
/newsletter/2019-10-03.html                                         /newsletter/2019-10-03                                                                              301!
/newsletter/2019-10-10.html                                         /newsletter/2019-10-10                                                                              301!
/newsletter/2019-10-17.html                                         /newsletter/2019-10-17                                                                              301!
/newsletter/2019-10-24.html                                         /newsletter/2019-10-24                                                                              301!
/newsletter/2019-10-31.html                                         /newsletter/2019-10-31                                                                              301!
/newsletter/2019-11-07.html                                         /newsletter/2019-11-07                                                                              301!
/newsletter/2019-11-14.html                                         /newsletter/2019-11-14                                                                              301!
/newsletter/2019-11-21.html                                         /newsletter/2019-11-21                                                                              301!
/newsletter/2019-11-28.html                                         /newsletter/2019-11-28                                                                              301!
/newsletter/2019-12-05.html                                         /newsletter/2019-12-05                                                                              301!
/newsletter/2019-12-12.html                                         /newsletter/2019-12-12                                                                              301!
/newsletter/2019-12-18.html                                         /newsletter/2019-12-18                                                                              301!
/newsletter/2020-03-05.html                                         /newsletter/2020-03-05                                                                              301!
/newsletter/2020-03-12.html                                         /newsletter/2020-03-12                                                                              301!
/newsletter/2020-03-19.html                                         /newsletter/2020-03-19                                                                              301!
/newsletter/2020-03-26.html                                         /newsletter/2020-03-26                                                                              301!
/newsletter/2020-04-01.html                                         /newsletter/2020-04-01                                                                              301!
/newsletter/2020-04-09.html                                         /newsletter/2020-04-09                                                                              301!
/newsletter/2020-05-07.html                                         /newsletter/2020-05-07                                                                              301!
/newsletter/2020-06-04.html                                         /newsletter/2020-06-04                                                                              301!
/newsletter/2020-07-02.html                                         /newsletter/2020-07-02                                                                              301!
/newsletter/2020-08-06.html                                         /newsletter/2020-08-06                                                                              301!
/newsletter/2020-09-03.html                                         /newsletter/2020-09-03                                                                              301!
/newsletter/2020-10-01.html                                         /newsletter/2020-10-01                                                                              301!
/newsletter/2020-11-05.html                                         /newsletter/2020-11-05                                                                              301!
/newsletter/2020-12-03.html                                         /newsletter/2020-12-03                                                                              301!
/newsletter/2021-01-07.html                                         /newsletter/2021-01-07                                                                              301!
/newsletter/2021-02-04.html                                         /newsletter/2021-02-04                                                                              301!
/newsletter/2021-03-11.html                                         /newsletter/2021-03-11                                                                              301!
/newsletter/2021-04-08.html                                         /newsletter/2021-04-08                                                                              301!
/newsletter/2021-05-06.html                                         /newsletter/2021-05-06                                                                              301!
/newsletter/2021-06-10.html                                         /newsletter/2021-06-10                                                                              301!
/newsletter/2021-07-08.html                                         /newsletter/2021-07-08                                                                              301!
/newsletter/2021-08-12.html                                         /newsletter/2021-08-12                                                                              301!
/newsletter/2021-09-09.html                                         /newsletter/2021-09-09                                                                              301!
/newsletter/2021-10-14.html                                         /newsletter/2021-10-14                                                                              301!
/newsletter/archive.html                                            /newsletter/archive                                                                                 301!
/this-week-in-solid                                                 /newsletter                                                                                         301
/this-week-in-solid.html                                            /newsletter                                                                                         301
/this-week-in-solid/2019-07-18                                      /newsletter/2019-07-18                                                                              301
/this-week-in-solid/2019-07-18.html                                 /newsletter/2019-07-18                                                                              301
/this-week-in-solid/2019-07-25                                      /newsletter/2019-07-25                                                                              301
/this-week-in-solid/2019-07-25.html                                 /newsletter/2019-07-25                                                                              301
/this-week-in-solid/2019-08-01                                      /newsletter/2019-08-01                                                                              301
/this-week-in-solid/2019-08-01.html                                 /newsletter/2019-08-01                                                                              301
/this-week-in-solid/2019-08-08                                      /newsletter/2019-08-08                                                                              301
/this-week-in-solid/2019-08-08.html                                 /newsletter/2019-08-08                                                                              301
/this-week-in-solid/2019-08-15                                      /newsletter/2019-08-15                                                                              301
/this-week-in-solid/2019-08-15.html                                 /newsletter/2019-08-15                                                                              301
/this-week-in-solid/2019-08-22                                      /newsletter/2019-08-22                                                                              301
/this-week-in-solid/2019-08-22.html                                 /newsletter/2019-08-22                                                                              301
/this-week-in-solid/2019-08-29                                      /newsletter/2019-08-29                                                                              301
/this-week-in-solid/2019-08-29.html                                 /newsletter/2019-08-29                                                                              301
/this-week-in-solid/2019-09-05                                      /newsletter/2019-09-05                                                                              301
/this-week-in-solid/2019-09-05.html                                 /newsletter/2019-09-05                                                                              301
/this-week-in-solid/2019-09-12                                      /newsletter/2019-09-12                                                                              301
/this-week-in-solid/2019-09-12.html                                 /newsletter/2019-09-12                                                                              301
/this-week-in-solid/2019-09-19                                      /newsletter/2019-09-19                                                                              301
/this-week-in-solid/2019-09-19.html                                 /newsletter/2019-09-19                                                                              301
/this-week-in-solid/2019-09-26                                      /newsletter/2019-09-26                                                                              301
/this-week-in-solid/2019-09-26.html                                 /newsletter/2019-09-26                                                                              301
/this-week-in-solid/2019-10-03                                      /newsletter/2019-10-03                                                                              301
/this-week-in-solid/2019-10-03.html                                 /newsletter/2019-10-03                                                                              301
/this-week-in-solid/2019-10-10                                      /newsletter/2019-10-10                                                                              301
/this-week-in-solid/2019-10-10.html                                 /newsletter/2019-10-10                                                                              301
/this-week-in-solid/2019-10-17                                      /newsletter/2019-10-17                                                                              301
/this-week-in-solid/2019-10-17.html                                 /newsletter/2019-10-17                                                                              301
/this-week-in-solid/2019-10-24                                      /newsletter/2019-10-24                                                                              301
/this-week-in-solid/2019-10-24.html                                 /newsletter/2019-10-24                                                                              301
/this-week-in-solid/2019-10-31                                      /newsletter/2019-10-31                                                                              301
/this-week-in-solid/2019-10-31.html                                 /newsletter/2019-10-31                                                                              301
/this-week-in-solid/2019-11-07                                      /newsletter/2019-11-07                                                                              301
/this-week-in-solid/2019-11-07.html                                 /newsletter/2019-11-07                                                                              301
/this-week-in-solid/2019-11-14                                      /newsletter/2019-11-14                                                                              301
/this-week-in-solid/2019-11-14.html                                 /newsletter/2019-11-14                                                                              301
/this-week-in-solid/2019-11-21                                      /newsletter/2019-11-21                                                                              301
/this-week-in-solid/2019-11-21.html                                 /newsletter/2019-11-21                                                                              301
/this-week-in-solid/2019-11-28                                      /newsletter/2019-11-28                                                                              301
/this-week-in-solid/2019-11-28.html                                 /newsletter/2019-11-28                                                                              301
/this-week-in-solid/2019-12-05                                      /newsletter/2019-12-05                                                                              301
/this-week-in-solid/2019-12-05.html                                 /newsletter/2019-12-05                                                                              301
/this-week-in-solid/2019-12-12                                      /newsletter/2019-12-12                                                                              301
/this-week-in-solid/2019-12-12.html                                 /newsletter/2019-12-12                                                                              301
/this-week-in-solid/2019-12-18                                      /newsletter/2019-12-18                                                                              301
/this-week-in-solid/2019-12-18.html                                 /newsletter/2019-12-18                                                                              301
/this-week-in-solid/2020-03-05                                      /newsletter/2020-03-05                                                                              301
/this-week-in-solid/2020-03-05.html                                 /newsletter/2020-03-05                                                                              301
/this-week-in-solid/2020-03-12                                      /newsletter/2020-03-12                                                                              301
/this-week-in-solid/2020-03-12.html                                 /newsletter/2020-03-12                                                                              301
/this-week-in-solid/2020-03-19                                      /newsletter/2020-03-19                                                                              301
/this-week-in-solid/2020-03-19.html                                 /newsletter/2020-03-19                                                                              301
/this-week-in-solid/2020-03-26                                      /newsletter/2020-03-26                                                                              301
/this-week-in-solid/2020-03-26.html                                 /newsletter/2020-03-26                                                                              301
/this-week-in-solid/2020-04-01                                      /newsletter/2020-04-01                                                                              301
/this-week-in-solid/2020-04-01.html                                 /newsletter/2020-04-01                                                                              301
/this-week-in-solid/archive                                         /newsletter/archive                                                                                 301
/this-week-in-solid/archive.html                                    /newsletter/archive                                                                                 301

# 302 Found (moved temporarily) - solidproject.org GitHub wiki links
/developers/vocabularies.html                                       https://github.com/solid/solidproject.org/wiki/Vocabularies-Overview                                302
/developers/vocabularies/code/quickstart.html                       https://github.com/solid/solidproject.org/wiki/Code-with-your-vocabulary                            302
/developers/vocabularies/create/best-practices.html                 https://github.com/solid/solidproject.org/wiki/Vocabulary-building-best-practices                   302
/developers/vocabularies/create/extended.html                       https://github.com/solid/solidproject.org/wiki/Improve-your-vocabulary                              302
/developers/vocabularies/create/methodology.html                    https://github.com/solid/solidproject.org/wiki/NeOn,-a-vocabulary-creation-methodology              302     
/developers/vocabularies/create/quickstart.html                     https://github.com/solid/solidproject.org/wiki/How-to-create-your-own-vocabulary                    302
/developers/vocabularies/publish/artifacts.html                     https://github.com/solid/solidproject.org/wiki/Publish-your-vocabulary-as-code-artifacts            302
/developers/vocabularies/publish/quickstart.html                    https://github.com/solid/solidproject.org/wiki/Publish-your-vocabulary-on-your-Pod                  302
/developers/vocabularies/publish/rdf.html                           https://github.com/solid/solidproject.org/wiki/Publish-your-vocabulary-as-RDF                       302
/developers/vocabularies/use/extended.html                          https://github.com/solid/solidproject.org/wiki/Describe-data-for-Solid                              302
/developers/vocabularies/use/quickstart.html                        https://github.com/solid/solidproject.org/wiki/Publish-your-vocabulary-on-your-Pod                  302
/developers/vocabularies/well-known/common.html                     https://github.com/solid/solidproject.org/wiki/Common-Vocabularies                                  302
/developers/vocabularies/well-known/core.html                       https://github.com/solid/solidproject.org/wiki/Core-vocabularies-for-Linked-Data                    302
/developers/vocabularies/well-known/solid.html                      https://github.com/solid/solidproject.org/wiki/Vocabularies-essential-to-solid                      302
/developers/vocabularies/well-known/technical.html                  https://github.com/solid/solidproject.org/wiki/Vocabularies-describing-technical-standards          302
/developers/vocabularies/create.html                                https://github.com/solid/solidproject.org/wiki/Create-your-own-vocabulary                           302
/developers/vocabularies/discover.html                              https://github.com/solid/solidproject.org/wiki/Discover-new-vocabularies                            302
/developers/vocabularies/index.html                                 https://github.com/solid/solidproject.org/wiki/Vocabularies-Overview                                302
/developers/vocabularies/publish.html                               https://github.com/solid/solidproject.org/wiki/Publish-your-vocabulary                              302
/developers/vocabularies/well-known.html                            https://github.com/solid/solidproject.org/wiki/Well-known-vocabularies                              302
/for-developers/apps/vocabularies.html                              https://github.com/solid/solidproject.org/wiki/Vocabularies-Overview                                302
/for-developers/apps/vocabularies/code/quickstart.html              https://github.com/solid/solidproject.org/wiki/Code-with-your-vocabulary                            302
/for-developers/apps/vocabularies/create/best-practices.html        https://github.com/solid/solidproject.org/wiki/Vocabulary-building-best-practice                    302
/for-developers/apps/vocabularies/create/extended.html              https://github.com/solid/solidproject.org/wiki/Improve-your-vocabulary                              302
/for-developers/apps/vocabularies/create/methodology.html           https://github.com/solid/solidproject.org/wiki/NeOn,-a-vocabulary-creation-methodology              302
/for-developers/apps/vocabularies/create/quickstart.html            https://github.com/solid/solidproject.org/wiki/How-to-create-your-own-vocabulary                    302
/for-developers/apps/vocabularies/publish/artifacts.html            https://github.com/solid/solidproject.org/wiki/Publish-your-vocabulary-as-code-artifacts            302
/for-developers/apps/vocabularies/publish/quickstart.html           https://github.com/solid/solidproject.org/wiki/Publish-your-vocabulary-on-your-Pod                  302
/for-developers/apps/vocabularies/publish/rdf.html                  https://github.com/solid/solidproject.org/wiki/Publish-your-vocabulary-as-RDF                       302
/for-developers/apps/vocabularies/use/extended.html                 https://github.com/solid/solidproject.org/wiki/Describe-data-for-Solid                              302
/for-developers/apps/vocabularies/use/quickstart.html               https://github.com/solid/solidproject.org/wiki/Publish-your-vocabulary-on-your-Pod                  302
/for-developers/apps/vocabularies/well-known/common.html            https://github.com/solid/solidproject.org/wiki/Common-Vocabularies                                  302
/for-developers/apps/vocabularies/well-known/core.html              https://github.com/solid/solidproject.org/wiki/Core-vocabularies-for-Linked-Data                    302
/for-developers/apps/vocabularies/well-known/solid.html             https://github.com/solid/solidproject.org/wiki/Vocabularies-essential-to-solid                      302
/for-developers/apps/vocabularies/well-known/technical.html         https://github.com/solid/solidproject.org/wiki/Vocabularies-describing-technical-standards          302
/for-developers/apps/vocabularies/create.html                       https://github.com/solid/solidproject.org/wiki/Create-your-own-vocabulary                           302
/for-developers/apps/vocabularies/discover.html                     https://github.com/solid/solidproject.org/wiki/Discover-new-vocabularies                            302
/for-developers/apps/vocabularies/index.html                        https://github.com/solid/solidproject.org/wiki/Vocabularies-Overview                                302
/for-developers/apps/vocabularies/publish.html                      https://github.com/solid/solidproject.org/wiki/Publish-your-vocabulary                              302
/for-developers/apps/vocabularies/well-known.html                   https://github.com/solid/solidproject.org/wiki/Well-known-vocabularies                              302
/funding.html                                                       https://github.com/solid/solidproject.org/wiki/Funding                                              302
/labs.html                                                          https://github.com/solid/solidproject.org/wiki/Research-labs                                        302

# Legacy links directing to About
/origin                                                             /about                                                                                              302
/origin.html                                                        /about                                                                                              302

# Legacy links directing to Apps
/use-solid/apps                                                     /apps                                                                                               302
/use-solid/apps.html                                                /apps                                                                                               302

# Legacy links directing to Get a Pod
/users/get-a-pod                                                    /get_a_pod                                                                                          302
/users/get-a-pod.html                                               /get_a_pod                                                                                          302

# Legacy links directing to For Developers
/developers/index.html                                              /for_developers                                                                                     302
/developers/tutorials/first-app.html                                /for_developers                                                                                     302
/developers/tutorials/getting-started.html                          /for_developers                                                                                     302
/developers/tutorials/getting-started/index.html                    /for_developers                                                                                     302
/developers/tutorials/index.html                                    /for_developers                                                                                     302
/for-developers/apps/first-app/index.html                           /for_developers                                                                                     302
/for-developers/apps/index.html                                     /for_developers                                                                                     302
/for-developers/pod-server.html                                     /for_developers                                                                                     302
/for-developers/pod-server/apache.html                              /for_developers                                                                                     302
/for-developers/pod-server/nginx.html                               /for_developers                                                                                     302
/implement.html                                                     /for_developers                                                                                     302
/self-hosting.html                                                  /for_developers                                                                                     302
/self-hosting/css.html                                              /for_developers                                                                                     302
/self-hosting/css/nginx.html                                        /for_developers                                                                                     302
/self-hosting/nss.html                                              /for_developers                                                                                     302
/self-hosting/nss/apache.html                                       /for_developers                                                                                     302
/self-hosting/nss/nginx.html                                        /for_developers                                                                                     302

# Legacy links directing to For Organisations
/for-enterprises/index                                              /for_organisations                                                                                  302
/for-enterprises/index.html                                         /for_organisations                                                                                  302

# Legacy links directing to For Users
/use-solid/index                                                    /for_users                                                                                          302
/use-solid/index.html                                               /for_users                                                                                          302
/users                                                              /for_users                                                                                          302
/users.html                                                         /for_users                                                                                          302

# Legacy links directing to Specification
/standardisation                                                    /specification                                                                                      302
/standardisation.html                                               /specification                                                                                      302

# Subdirectories
/developers/tools/index.html                                        /for_developers/tools                                                                               302
/for-developers/getting-started.html                                /for_developers/getting_started                                                                     302
/for-developers/apps/tools/index.html                               /for_developers/tools                                                                               302
